0,1,2,3,4
0.7559827964515099,0.9736657661360484,0.9270491683665468,0.4887127962681967,0.1609493228413401
0.7547748701275683,0.6401648916288081,0.8622543726407168,0.0034297770844449,0.0695820770753885
0.8136374443822064,0.4078096851909056,0.0151699712840628,0.9182641345589592,0.1389518291662971
0.5101116173552825,0.7030478195795354,0.6220275127111693,0.2026848546528227,0.4591257758481168
0.3445511891320145,0.4585231630984832,0.4135534628667526,0.2406366780072968,0.7341585386611199
0.5893960355532895,0.8257383750151636,0.2451824218318539,0.6986223054703927,0.67696614098187
0.2138474946657108,0.651855883858342,0.4225194249612926,0.5675513230647736,0.2691524003382236
0.6904865883592235,0.9613457143191466,0.5905392617964105,0.2437955545963409,0.4773977631659912
0.2463659399084888,0.8996741145590521,0.2183260061481383,0.6545606575417018,0.9754035583532968
0.5990186463698187,0.7710649215719857,0.4729479937938923,0.5647495972470697,0.4088507816255952
0.9027894567799252,0.905779033978224,0.0642650903867925,0.5154842293424149,0.8870583932279518
0.7307233590780278,0.7771096803530555,0.1111153387700778,0.9227519030434124,0.5040044130592913
0.717631567404876,0.2111342818890733,0.4855604383829764,0.0123858133956732,0.3561988232585963
0.8056146752396475,0.3266941296948702,0.4781192424057754,0.7998919705645663,0.1777713059307402
0.2040903132591848,0.585884562443647,0.5136590336354795,0.8042060711379786,0.9289233051620562
0.4940325008454129,0.0904221897584081,0.2088119606463112,0.3163977158620793,0.9935959720496028
0.345187624454365,0.5829160518681142,0.8787061797934133,0.2516332225606291,0.7294046813979387
0.4112168876091541,0.7049385796496204,0.2721959478538838,0.5928035507738139,0.5202942472813609
0.4577188021729854,0.8346059371158916,0.8494035960210216,0.1691859032325108,0.7113435100433155
0.0187285790409493,0.3680446196564281,0.2043774828747525,0.1432400149179099,0.9691756311625346
0.0282568008320774,0.1395684980528712,0.0566209940595581,0.2560265888821589,0.8004673999832245
0.7440108049410317,0.7017210189249651,0.8844686125767265,0.5040932763936287,0.7974049619376309
0.4090212450729368,0.8107747898842604,0.6207916022306277,0.2293814290402404,0.631800412912875
0.2049447920292451,0.0490396249606396,0.9885237013776562,0.1585133207932288,0.7645146208985502
0.4417715395390955,0.2354337315427318,0.3938915244029739,0.451932904030675,0.512506652069186
0.8261486302913603,0.3937693266051026,0.2754957742578745,0.0335691152679117,0.3148154532029539
0.8757266995471561,0.7693464785314597,0.3197560576405738,0.7084083460417894,0.3915148806537112
0.2729002578652191,0.7430782451744506,0.2283946894461886,0.7292098554108503,0.3174375641118666
0.7768570175713234,0.534812052808907,0.8848680797514819,0.8892482041514592,0.2894252650693122
0.4588173329802006,0.2915365665043739,0.4251403851927088,0.1415297176692488,0.253023830849307
0.18886560361657,0.720616131186308,0.6972547921531252,0.4776017618446424,0.4419558953389907
0.8982938361712701,0.0599675531433755,0.4661833584204732,0.3951532603115251,0.128775594116104
0.4112745982998868,0.9144083805572596,0.3443407407150416,0.6681816330733729,0.3404362366208374
0.4366859708469343,0.9214497143166036,0.6121785276422728,0.3334504571676363,0.7512187249033365
0.1599831501153504,0.7432503626389366,0.207133644269176,0.7930692215908085,0.3700740327299555
0.4613037500915659,0.6390898221054484,0.7014843435173769,0.5262673414282458,0.5569714012585224
0.5270062438364652,0.9603029736506768,0.3666446710076215,0.1026717367264223,0.0742019289181145
0.5293309988138627,0.3760795159547673,0.9593581163575456,0.6288434604409084,0.5735120541459288
0.1698680646370639,0.0696301084133659,0.5261839341641444,0.6083252777342799,0.4563816949587855
0.2966034072337496,0.829902804332805,0.3913687327515409,0.0436755927326962,0.8935708960738911
0.493896201371792,0.0860555202686016,0.7836651652227897,0.4424108215856184,0.3273202215822044
0.2166597959693903,0.2633842573757112,0.342803207298012,0.5422945740227575,0.4278999745907594
0.0566389476050795,0.1726660641948066,0.1749514616435453,0.2520041746576421,0.4868067874858761
0.9011983053841052,0.5627366059938217,0.0660219552561776,0.2742291423027592,0.5032320086878791
0.1140005952259379,0.6301223459747236,0.7565203354855903,0.4357518109663133,0.2478772460549478
0.2085039513156991,0.0991486030852678,0.2173037184115523,0.8276282671540736,0.5955841157248081
0.8959770617279579,0.1746154628250903,0.1801133117794841,0.9383990556756502,0.3732153258395404
0.3886400743525816,0.5202907388508667,0.5531982424745052,0.5172976456076469,0.1351053440551891
0.5805500190106159,0.2905026798962201,0.1186865718972374,0.3798632738530455,0.6004027435888543
0.9634577297047544,0.7464997551618052,0.9134514569282738,0.638541636659912,0.3096939591415975
0.3126002074871555,0.5242722701319067,0.7966262719725935,0.902796137179882,0.5940654411341303
0.736876759620671,0.4378398533508705,0.760222218157255,0.8810755239933103,0.2396212904666257
0.0805708664645183,0.3637544451326396,0.5910191545303161,0.2131056865558671,0.1813768392104364
0.4756876496547333,0.1023636052899987,0.7130052272158075,0.6576552548958277,0.7675974355556661
0.0147913461539681,0.422013514918946,0.4950286710871551,0.4959917646728815,0.7615755731155465
0.5208293069038299,0.4214226405481583,0.8174437623910831,0.4512724127890319,0.4033772422570845
0.9599579346137348,0.9832060018075096,0.3503301256201854,0.5966609921858184,0.939760119865098
0.4628906204148816,0.7381620323288828,0.0539993412284753,0.8013367379142675,0.871085390876338
0.5360262438714961,0.5862405497738271,0.4620379297691851,0.8650630786207841,0.6697283489793678
0.6048559979677509,0.7580737250301914,0.3584706188835156,0.4322134015602045,0.8735264821908401
0.7961727414642009,0.3635046302628102,0.7651195457559219,0.2410543483939006,0.2251346597846175
0.0603832943847008,0.746771270639879,0.1764186942885713,0.723732665291486,0.2539378094474857
0.3388153180968546,0.4612945688643806,0.1759457577373004,0.8828578218633764,0.8775244255770147
0.2039341050803869,0.8446789286085699,0.6721079033768166,0.0922935270102074,0.6420557459858368
0.2291317825895955,0.6159879073337661,0.925551163876376,0.7011787689561212,0.3542067103898083
0.1838586858673656,0.4473109117669912,0.2383645296995775,0.2962920132232018,0.8933672121053708
0.7503887422549352,0.9238926070301188,0.3072836592129279,0.7804504707754856,0.799858556805547
0.7360874077942803,0.1669468587023737,0.9315241001772472,0.0225606255987946,0.5828321297753075
0.1803688106935913,0.9264752602823436,0.770239144587055,0.1227139070586919,0.0335068623348406
0.7900904160276552,0.2097325057709596,0.997184687495968,0.0794725939852489,0.6928697679196528
0.578581429916486,0.9388987244529904,0.4578670049358649,0.678164018301645,0.6596185252873191
0.0038365302807686,0.038189964624662,0.2153956432918892,0.5364326456700916,0.074929156404732
0.1299711706561219,0.3003761462279227,0.3399731012529122,0.9258832694717688,0.8286844499241153
0.3455680792616836,0.6268307282147683,0.8616021834178004,0.4686579705763282,0.7730758676894856
0.5058708842104861,0.0022816993992641,0.8303897835885891,0.7528712388060746,0.3243276001522095
0.6324306027085156,0.2113384032206103,0.7369311892300582,0.8514919187644842,0.570557117366186
0.5953464834222595,0.5473757882943511,0.3339784703458553,0.5881627509071213,0.1955478915656827
0.5625115016911829,0.6445763038256062,0.2950002550212592,0.8580637182761518,0.0620185169317587
0.378031800815217,0.4183385360155589,0.7857317888661006,0.4687670556650983,0.4196440311982484
0.2996242963622032,0.9469611506314312,0.5468039951131115,0.0344969652004522,0.968063590525937
0.5647555269728816,0.5672421378752669,0.0826064377277572,0.6470925135830337,0.3623015726823109
0.5812025896851354,0.2951513018368314,0.6870046050859209,0.6271415291328204,0.1887258590768463
0.4987385566063586,0.3663348421436919,0.9103903780178272,0.9693472986059576,0.5756498574837999
0.7116755411187691,0.4966390462662093,0.9683706478150688,0.059633504030244,0.4110098809780792
0.9472442044353176,0.2712432839870037,0.6713865178731684,0.1363029323869996,0.5309285145751479
0.5236741171427967,0.6076243983969135,0.8394486036424671,0.3955666368548005,0.9126310040139652
0.8401998240084511,0.6288263828516072,0.5664338802903288,0.8550560202275492,0.7644472706411793
0.4964168246086664,0.3290394563022771,0.6290332672725109,0.6062362034654865,0.9039607522974844
0.7556009869829591,0.1453714430394248,0.0576405682929812,0.6747346259102889,0.8730907033417419
0.8147552629405774,0.3288648042784727,0.1184575878417161,0.8935427682487957,0.6979216440618147
0.4033169991745946,0.5144198688353161,0.7150781971882563,0.5283377381813262,0.5236802044292708
0.2228425227644119,0.3608995429974171,0.6764958130668982,0.3285102783739646,0.4282539226215681
0.1773145380332238,0.9411327417763476,0.8990688393432661,0.1912534265153043,0.1361010163719674
0.5134194863084753,0.0828178664791648,0.2668195640500698,0.519537995692986,0.7037646383563808
0.6825507464083148,0.0571496219088308,0.0500369476737608,0.1433077764046911,0.1893634154777024
0.985339666608905,0.3220820903677147,0.6236167217756763,0.1222875834755438,0.2882183622132391
0.598256473078316,0.1342323051513765,0.4520498253879738,0.578540736587392,0.3677992222783687
0.4731094575724827,0.8824764293003033,0.7263725806056892,0.0916735252707315,0.9231879000090332
0.8072201200154248,0.1565556943499482,0.8267184734559786,0.9963303409820332,0.3580202625159772
0.8754439054148115,0.617894090800797,0.4063752893437944,0.2205322765978008,0.5077041305667132
