Full Name,Email,Phone,Alt Phone,Gender,Date of Birth,Category,Experience Level,Prev Internship,Prev Details,Address,City,State,Country,PIN Code,Heard From,Status,Applied At
"Paula Merkaj","pmerkaj16@gmail.com","+355 685610851","","Female","2005-01-13","Cybersecurity / Digital Forensics Enthusiast","Beginner","No","","Jordan Misja; Nd.150; H. 1; Ap. 5; Njesia Administrative Nr. 9; 1016; Tirame","Tirana","Tirana District","Albania","10001","Social Media","approved","5/11/2026, 1:11:09 AM"
"Srivant M","mandarapusrivant@gmail.com","7358502872","","Male","2006-06-30","UG / PG Student","Beginner","No","","23, Jeyendrar St, Kuppusamy Nagar, Ramakrishanapuram, Chitlapakkam, Chennai, Tamil Nadu 600064","Chennai","Tamil Nadu","India","600064","Friends / Referral","approved","5/10/2026, 5:33:16 PM"
"Sivabalan R","sivabalanramesh.r@gmail.com","9600046332","","Male","2007-01-25","UG / PG Student","Beginner","No","","No.11/20, ponmani palace,4th Cross street, Lakshmi Nagar 4th Stage, Nanganallur,chennai-600061","Chennai","Tamil Nadu","India","600061","Social Media","approved","5/10/2026, 4:40:25 PM"
"Sneha","snehakiran19446@gmail.com","9650976273","9810773073","Female","2005-05-17","UG / PG Student","Beginner","No","","273/8, rahul vihar,Vijay Nagar, Ghaziabad
273/8,A.P.S public school,rahul vihar, Vijay Nagar","Ghaziabad","Uttar Pradesh","India","201009","Friends / Referral","approved","5/10/2026, 4:09:11 PM"
"Vivek Sen","viveksen176@gmail.com","7834933251","8851080612","Male","2007-02-07","UG / PG Student","Beginner","No","","16, Damdama Lake Rd, near Pavitra Institute, Bhondsi, Gurugram, Haryana 122102","Gurgaon","Haryana","India","122102","College","approved","5/10/2026, 2:30:24 PM"
"Keyur Ganorkar","keyur.ganorkar.csiot21@ggits.net","7470311686","","Male","2003-02-14","Graduate / Working Professional","Beginner","No","","A11,harshit nagar, yadav colony ,jabalpur","Jabalpur","Madhya Pradesh","India","482002","Social Media","approved","5/10/2026, 12:09:17 PM"
"Arya Kshirsagar","thearyakshirsagar@gmail.com","8625007409","","Female","2003-12-26","UG / PG Student","Beginner","No","","shriramnagar, dp road , kothurd","Pune","Maharashtra","India","411038","Website","approved","5/10/2026, 11:25:44 AM"
"P Anand","apchauhan272@gmail.com","8608031713","","Male","2007-12-20","UG / PG Student","Beginner","No","","5/3 3rd Main Road EAST CIT Nagar Nandanam , Chennai Tamil Nadu 600035","Chennai","Tamil Nadu","India","600035","Social Media","approved","5/10/2026, 8:03:25 AM"
"Bharat Bhusan","bharatbhushan05@hotmail.com","09535901927","","Male","1991-05-05","Graduate / Working Professional","Intermediate","No","","Gali 4, near Swastik Health Care, Sheetal Nagar","Rohtak","Haryana","India","124001","Social Media","approved","5/10/2026, 7:58:21 AM"
"Md Mohtasim","iimohtasimd92@gmail.com","6201489756","9611168144","Male","2002-11-02","UG / PG Student","Beginner","No","","PRR comforts boys pg, opposite ground near HKBK college road beside star light pg, Vyalikaval HBCS Layout, 3rd Cross, Nagavara, Bengaluru, Karnataka - 560045","Bangalore Urban","Karnataka","India","560045","Friends / Referral","approved","5/9/2026, 11:59:11 PM"
"Kanishka Puniyani ","kanishkapuniyani99@gmail.com","9713799990","9713799990","Female","2001-10-18","UG / PG Student","Beginner","No","","Sewa nagar gwalior ","Gwalior","Madhya Pradesh","India","474003","Social Media","approved","5/9/2026, 10:17:03 PM"
"Jaspreet Singh","hackerjackle11@gmail.com","7658088051","9501915338","Male","2004-10-08","UG / PG Student","Beginner","No","","Rawalpindi, district kapurthala, tehsil Phagwara","Phagwara","Punjab","India","144407","Friends / Referral","approved","5/9/2026, 6:48:53 PM"
"Md Ruhul Islam","ruhulislam786@gmail.com","08927313821","","Male","1982-03-02","Cybersecurity / Digital Forensics Enthusiast","Beginner","No","","Kolkata Kaikhali Biman Nagar","Kolkata","West Bengal","India","700052","Social Media","approved","5/8/2026, 11:58:13 AM"
"Renu Samyal ","sambyal.renu15@gmail.com","7006895905","","Female","1987-03-15","Cybersecurity / Digital Forensics Enthusiast","Intermediate","No","","H.no-331 Dharam Lane No-1 Preet Nagar Digiana Jammu ","Jammu","Jammu and Kashmir","India","180010","Website","approved","5/7/2026, 9:03:08 PM"
"Devashish Kureel","devops.kureel@gmail.com","9923326745","","Male","1986-07-18","Cybersecurity / Digital Forensics Enthusiast","Intermediate","No","","Flat No. F-504, Blueberry - F, Saviour Greenarch, GH-10A, Techzone 4, Greater Noida West","Gautam Buddha Nagar","Uttar Pradesh","India","201306","Social Media","approved","5/7/2026, 1:19:29 PM"
"Vivek Dilip Wadekar","vivekwadekar1994@gmail.com","7620122055","","Male","1994-01-02","Graduate / Working Professional","Advanced","No","","Flat No 01 Malhar Niwas,
Kondekar Galli, Shivaji Peth
Kolhapur","Kolhapur","Maharashtra","India","416012","Social Media","approved","5/6/2026, 8:34:29 PM"
"JANANI A","ajanani2k7@gmail.com","919840694870","919840694870","Female","2007-03-16","UG / PG Student","Beginner","No","","231 9th avenue kalpakkam kalpakkam","Chennai","Tamil Nadu","India","603102","College","approved","5/6/2026, 6:34:32 PM"
"Deepali Gupta","deepali15012005@gmail.com","09571160977","09571160977","Female","2005-01-15","UG / PG Student","Beginner","No","","Udai Mode ","Gangapur","Rajasthan","India","322201","Other","approved","5/6/2026, 2:05:08 PM"
"Namita","nmita074@gmail.com","9926728793","","Female","1985-07-29","Cybersecurity / Digital Forensics Enthusiast","Intermediate","No","","Indore,M.P.","Indore","Madhya Pradesh","India","452010","Social Media","approved","5/5/2026, 1:29:55 PM"
"Parkhi Hukku","hukkuparkhi@gmail.com","07016203893","","Female","1985-07-24","Graduate / Working Professional","Beginner","No","","Rajnagar Ext. Ghaziabad","Ghaziabad","Uttar Pradesh","India","201017","Social Media","approved","5/5/2026, 12:39:17 PM"
"Manya","manyamittal85@gmail.com","9811134750","","Female","2008-06-28","UG / PG Student","Beginner","No","","Plot No. 1, Flat No. F-6, Shalimar Garden, Extension 1, Sahibabad,
","Ghaziabad","Uttar Pradesh","India","201005","Social Media","approved","5/5/2026, 9:58:39 AM"
"Yash Kumar","yashkchandiwal@gmail.com","8527219060","8527219060","Male","2007-07-26","UG / PG Student","Beginner","No","","Plot number 68 street number 2 sector 2 Mohan garden Sainik enclave Uttam Nagar New Delhi 110059","New Delhi","Delhi","India","110059","College","approved","5/4/2026, 10:44:36 PM"
"Amit Kumar","amitkumar_dec@proton.me","9614972533","","Male","1991-03-27","Government Official","Beginner","No","","Tara Meneka Ghar, Subhash Nagar, Saraidhela","Dhanbad","Jharkhand","India","828127","Social Media","approved","5/4/2026, 10:28:20 PM"
"Maruthi Vishnu Vardhan Reddy Rachamallu","rmvvreddy@gmail.com","7337271278","8297726292","Male","1998-06-20","Graduate / Working Professional","Beginner","No","","3-288,Main Bazar, Simhadripuram (V) (M) Kadapa district ","Pulivendla","Andhra Pradesh","India","516454","Social Media","approved","5/4/2026, 8:56:45 PM"
"Venkata Srinidhi Thanmayi Sridhara ","thanmayisridhara09@gmail.com","9701911034","9550133587","Female","2003-12-09","Graduate / Working Professional","Beginner","No","","23-19/1-4, Jallavari Street, Satyanarayana Puram, Vijayawada ","Vijayawada","Andhra Pradesh","India","520011","Social Media","approved","5/4/2026, 8:49:37 PM"
"Himanshu Garg","ghimanshu835@gmail.com","08949581692","8769821336","Male","1994-09-10","Graduate / Working Professional","Intermediate","No","","Himanshu Garg s/o Seetaram Garg, Saloliya mohalla, V/P- Dhanop, Tah.- Phuliya(shahpura), dist.-bhilwara(Rajasthan)
V/P- Dhanop, Tah.- Phuliya(shahpura), dist.-bhilwara(Rajasthan)","Bhilwara","Rajasthan","India","311023","Friends / Referral","approved","5/4/2026, 7:29:23 PM"
"Hiranmayi","hiranmayikaripe@gmail.com","9014624272","","Female","2002-05-11","Cybersecurity / Digital Forensics Enthusiast","Beginner","No","","Brindavanam Rudra Constructions, Flat No.318, Beside Sree Nandaka Hospital, Kompally","Hyderabad","Telangana","India","500014","Social Media","approved","5/4/2026, 7:27:58 PM"
"PUSHPESH KUMAR","pushpesh_243086@saitm.ac.in","8368046941","","Male","2006-11-05","UG / PG Student","Beginner","No","","512/1/22, Shivji park colony, Gali no 10, Sector 10A","Gurgaon","Haryana","India","122001","Friends / Referral","approved","5/4/2026, 6:17:21 PM"
"Granth","cybergranth@gmail.com","9102641180","","Male","1997-11-12","Graduate / Working Professional","Intermediate","No","","C/O chunmun 1s floor AC Market, Church Complex , MG road,","Ranchi","Jharkhand","India","834001","Friends / Referral","approved","5/4/2026, 2:31:56 PM"
"Aman Srivastava","amansri2305@gmail.com","7289984896","","Male","2005-05-23","UG / PG Student","Beginner","No","","A2/116, Tower 7, Purvanchal Royal Park, Sector 137, Noida","Noida","Uttar Pradesh","India","201305","Friends / Referral","approved","5/3/2026, 10:38:32 PM"
"Sayed Mohommed Rashidudeen Buhari A","sayedmohammedrashidudeenbuhari@gmail.com","07530059329","9443310356","Male","2005-02-10","UG / PG Student","Beginner","No","","no 05 , jothi nagar
munnerpallam, melapalayam","Tirunelveli","Tamil Nadu","India","627356","Social Media","approved","5/3/2026, 10:30:06 PM"
"V Devdath","devdathv2005@gmail.com","9074555801","9656135470","Male","2005-01-04","UG / PG Student","Beginner","No","","Kayyalakkakathu (H) Kalayanthani P O Anchirikavala Alacode - Idukki Kerala 685588","Idukki","Kerala","India","685588","Friends / Referral","approved","5/3/2026, 10:16:39 PM"
"S Sabaridas","sabaridas005@gmail.com","7994201845","","Male","2005-01-31","UG / PG Student","Beginner","No","","8/507 Krishnakripa, Krishna Gardens, Kallekulangara(P.O), palakkad,  ","Palakkad district","Kerala","India","678009","Friends / Referral","approved","5/3/2026, 10:11:30 PM"
"PRATHAM MISHRA","p.mishra116274@gmail.com","8948581310","8005069710","Male","2006-01-30","UG / PG Student","Beginner","No","","ALOPIBAGH","Allahabad","Uttar Pradesh","India","211006","Friends / Referral","approved","5/3/2026, 9:40:54 PM"
"Vinayak Sharma ","vinayak16sharma@gmail.com","+917347482540","9814668546","Male","2004-02-16","UG / PG Student","Beginner","No","","#3226 sector 40D chandigarh ","Chandigarh","Chandigarh","India","160036","Other","approved","5/3/2026, 9:33:55 PM"
"Adarsh Singh","adarshsinghindia1993@gmail.com","62017 64337","","Male","1993-02-28","Police Official","Beginner","No","","Sultanganj police station mahendru, ","Patna","Bihar","India","800006","Friends / Referral","approved","5/3/2026, 9:19:08 PM"
"Rajalakshmi A","rajalakshmirakshaya@gmail.com","9976331162","9976412229","Female","2004-01-15","UG / PG Student","Beginner","No","","No : 4, Lal Bagadhur Sastri Street, Senthaneerpuram,Trichy-620004","Tiruchirappalli","Tamil Nadu","India","620004","Social Media","approved","5/3/2026, 4:59:45 PM"
"Vuniyala Chreya","chreya07@gmail.com","9032549307","9032549307","Female","2004-07-10","UG / PG Student","Beginner","No","","18-1-297/95/7/A shivaji nagar uppuguda hyderabad","Hyderabad","Telangana","India","500053","Social Media","approved","5/3/2026, 1:27:23 PM"
"Dyapa Rajashekar Reddy","rajshekardyapa@gmail.com","8897406945","","Male","2002-06-08","Cybersecurity / Digital Forensics Enthusiast","Beginner","No","","13-134/1A, Sinivasnagar Colony Jadcherla ","Mahbubnagar","Telangana","India","509301","Social Media","approved","5/3/2026, 12:35:04 PM"
"Madhuresh Kumar Jha","madhuresh453@gmail.com","06239015723","","Male","2005-03-25","Cybersecurity / Digital Forensics Enthusiast","Intermediate","No","","Kangmai ,po hariana ,  distt hoshiarpur, punjab","Hoshiarpur","Punjab","India","144208","Friends / Referral","approved","5/3/2026, 12:08:22 PM"
"Simaak hawa","simaak.hawa@gmail.com","9913000610","09099033417","Male","2007-10-06","UG / PG Student","Beginner","No","","302 naheman flats,
shiekh adam abuwala marg ,
paldi ahmedabad-380007","Ahmedabad","Gujarat","India","380007","Social Media","approved","5/3/2026, 10:40:32 AM"
"Devashya Jethva","2mjethva@gmail.com","8160609136","8200068893","Male","2007-08-03","UG / PG Student","Beginner","No","","68/3 H colony Nr Nehrunagar S.M.Road Ambawadi Ahmedabad Gujarat 380015","Ahmedabad","Gujarat","India","380015","Social Media","approved","5/3/2026, 1:21:42 AM"
"Afifa Firdous","afifafirdous469@gmail.com","9390484705","","Female","2006-02-19","UG / PG Student","Beginner","No","","18 - 59, Girinagar, opposite idpl colony, hyderabad, telangana ","Hyderabad","Telangana","India","500037","Social Media","approved","5/2/2026, 8:43:37 PM"
"VADDURI NAVYA","24r11a62d9@gcet.edu.in","9640720405","","Female","2007-04-06","UG / PG Student","Beginner","No","","4-4-42/2/C Ambedkar Nagar, Nacharam, Hyderabad ","Hyderabad","Telangana","India","500076","Social Media","approved","5/2/2026, 12:12:02 PM"
"TEJASV SAINI","sainitejasv54@gmail.com","8448795869","9718821999","Male","2007-03-10","UG / PG Student","Beginner","No","","Hno 1962 sec -10 a, near Dav public school ,gurugram haryana 122001","Gurgaon","Haryana","India","122001","College","approved","5/2/2026, 12:05:14 PM"
"Jankit Vasoya ","jankitpatel11@gmail.com","9979945488","","Male","2001-06-11","UG / PG Student","Beginner","No","","Shree, 3-patelnagar Co Op. Soc. 40ft om nagar main road, 150ft ring road, rajkot ","Rajkot","Gujarat","India","360004","Social Media","approved","5/1/2026, 8:56:16 PM"
"Ishan Singh","rishivanshi.ishan@gmail.com","8052378261","8382920756","Male","2001-04-09","UG / PG Student","Beginner","No","","B-270 , Rajajipuram, Lucknow ","Lucknow","Uttar Pradesh","India","226017","Social Media","approved","5/1/2026, 1:58:59 PM"
"sonika chowdhary bansal","chowdhary.sonika@gmail.com","+966 506551269","919560023911","Female","1985-03-08","Graduate / Working Professional","Intermediate","No","","1501, coral tower arihant ambience Crossings republic Ghaziabad up ","Ghaziabad","Uttar Pradesh","India","201016","Social Media","approved","5/1/2026, 12:59:11 PM"
"CHANDRA SEKHAR","mail2ncsekhar@gmail.com","9441262406","","Male","1978-10-23","Graduate / Working Professional","Intermediate","No","","DELHI","West Delhi","Delhi","India","110058","Social Media","approved","5/1/2026, 12:50:45 PM"
"Veenus Patil","veexeevee0304@gmail.com","7769923491","","Female","2004-10-03","UG / PG Student","Beginner","No","","1063, patilpada, asangaon, tal-dahanu, dist-palghar, pin-401103","Dahanu","Maharashtra","India","401103","Social Media","approved","5/1/2026, 9:18:26 AM"
"JASDEEP KAUR","Kaurjasdeep752@gmail.com","09781010565","","Female","2005-09-26","UG / PG Student","Beginner","No","","Vairoke, Teh. Bagha Purana, Distt. Moga, Punjab, India, 142049","Moga","Punjab","India","142049","Social Media","approved","5/1/2026, 8:58:47 AM"
"JAIRAJ DIVYESH RUPAWALA","jairajrupawala010126@gmail.com","8511181848","","Male","2006-01-01","UG / PG Student","Beginner","No","","RAMESHWARAM GREEN ,ALTHAN-BAMROLI,SURAT","Surat","Gujarat","India","394221","Social Media","approved","5/1/2026, 1:14:43 AM"
"Manish Rajesh Gawali","manishgawalidavian@gmail.com","9579190402","9422082268","Male","2006-07-27","Cybersecurity / Digital Forensics Enthusiast","Beginner","No","","16 Queens Garden
14","Buldhana","Maharashtra","India","411001","Social Media","approved","4/30/2026, 11:04:33 PM"
"Nishant","nishantnick98@gmail.com","7014138518","","Male","1992-11-24","Graduate / Working Professional","Intermediate","No","","186 krishna nagar bharatpur ","Bharatpur","Rajasthan","India","321001","Other","approved","4/30/2026, 10:29:05 PM"
"Mohammed Sufiyan","sufiyan150902@gmail.com","8088006823","","Male","2002-09-15","Cybersecurity / Digital Forensics Enthusiast","Beginner","No","","Door no 36, bazzar street NR mohalla mysore","Mysuru","Karnataka","India","570007","Social Media","approved","4/30/2026, 10:27:16 PM"
"Deeksha","deekshaa90@gmail.com","78148 77764","","Male","1990-12-29","UG / PG Student","Intermediate","No","","Tower2,1004, chd avenue71, gurgaon haryana, 122001","Gurgaon","Haryana","India","122001","Website","approved","4/30/2026, 10:24:44 PM"
"Omkar Ghorpade","omkar21ghorpade@gmail.com","7276104326","","Male","2003-12-21","UG / PG Student","Beginner","No","","A7, Lotus Court, Rambaug Colony, Paud Road, Kothrud, Pune - 411038","Pune","Maharashtra","India","411038","Friends / Referral","approved","4/30/2026, 10:16:18 PM"
"Vaishnavi Prashant Trivedi","vaishnavitrivedi240@gmail.com","9604785331","","Female","2005-04-13","UG / PG Student","Beginner","No","","PLOT NO . 240 Akash Nager, MANEWADA CHOUK,Nagpur","Nagpur","Maharashtra","India","440034","Social Media","approved","4/30/2026, 10:10:25 PM"
"Sanjana Sharma","sanjanasharma052006@gmail.com","9426075828","","Female","2006-05-13","Cybersecurity / Digital Forensics Enthusiast","Beginner","No","","B/37 Ishwarbaug Tenament near Sharda school Isanpur ahmedabad ","Ahmedabad","Gujarat","India","382443","Social Media","approved","4/30/2026, 10:10:08 PM"
"Vinay P D","vinay2007rs@gmail.com","09886878062","","Male","2007-05-18","UG / PG Student","Beginner","No","","Narayan Swamy building, 2nd Floor, Near Ganesha Temple
Old Route No NH 4, Tamka Old Town,Kolar","Kolar","Karnataka","India","563103","Social Media","approved","4/30/2026, 10:07:30 PM"
"Sahil Pravin Kardile","sahil.kardele@gmail.com","9405428576","","Male","2002-11-21","UG / PG Student","Beginner","No","","179,Erandawane, Karve Road, Akhil society 4/19, near sai service Bajaj showroom pune.","Pune","Maharashtra","India","411038","Social Media","approved","4/30/2026, 10:06:01 PM"
"Mahesh","gondelamahesh5@gmail.com","9346261934","","Male","2006-08-28","UG / PG Student","Beginner","No","","1/9, Ganugapadu village tiruvuru mandal NTR district Andhra Pradesh ","Vijayawada","Andhra Pradesh","India","521227","College","approved","4/30/2026, 10:05:50 PM"
"Priyanka Ramdas Naktode","priyankanaktode97@gmail.com","9022803682","","Female","1997-08-24","Graduate / Working Professional","Intermediate","No","","Sector 23ghansoli navi mumbai","Airoli","Maharashtra","India","400708","Friends / Referral","approved","4/30/2026, 10:05:50 PM"
"Vignesh Raghav J","vigneshraghavj@gmail.com","8778306513","8778306513","Male","2003-07-09","UG / PG Student","Beginner","No","","SJR suits and comforts, OPP to Kristu Jayanti University, Kothanur, K Narayanapura, Bengaluru","Bengaluru","Karnataka","India","560077","Social Media","approved","4/30/2026, 10:05:30 PM"
"Satya chandini","satya4359@gmail.com","8179464960","","Female","1996-04-20","Graduate / Working Professional","Intermediate","No","","Srinivasa ladies pg, next to kasinath traders, opposite hical company, near hotel presidency, electronic city, phase 2, bangalore, 560100","Bangalore Urban","Karnataka","India","560100","Social Media","approved","4/30/2026, 10:04:39 PM"
"Pasumarthi Kusuma Hareesh ","kusumahareesh554@gmail.com","8019785937","","Male","2001-12-03","UG / PG Student","Beginner","No","","Andhra Pradesh state, Visakhapatnam District, Anandapuram Mandalam, 531173. ","Visakhapatnam","Andhra Pradesh","India","531173 ","Social Media","approved","4/30/2026, 10:00:57 PM"
"M L S SOMYA","hkfjh129@gmail.com","9346212801","","Prefer not to say","1989-04-28","Graduate / Working Professional","Beginner","No","","mmts station road, chandanagar","Hyderabad","Telangana","India","500050","Friends / Referral","approved","4/30/2026, 10:00:34 PM"
"Adarsh soni","soniadarsh110699@gmail.com","7979915103","","Male","2001-06-11","Graduate / Working Professional","Beginner","No","","Sahebganj ","Chapra","Bihar","India","841301","Social Media","approved","4/30/2026, 10:00:20 PM"
"Sakshi Indulkar","kshiindul24@gmail.com","+919920326924","9819006046","Female","2005-10-27","UG / PG Student","Beginner","No","","Behind Sarvoday Hospital, Bhimnagar, Narayan Bhosle chawl room no 123 ghatkopar west MUMBAI 400086","Ghatkopar","Maharashtra","India","400086","Other","approved","4/30/2026, 10:00:15 PM"
"Chryselle Christie Gomes","chrysgomez18@gmail.com","9168346032","","Female","2001-08-01","UG / PG Student","Beginner","No","","Madel
B-4 Mahanagar Madel Grande Margao Goa, 403601","Madgaon","Goa","India","403601","Social Media","approved","4/30/2026, 9:53:47 PM"
"INIYAN S","iniyan.workhub@gmail.com","9123572356","9123572356","Male","2006-09-02","UG / PG Student","Beginner","No","","SNS Kalvi Nagar Sathy Main Road NH-209 Vazhiyampalayam,Saravanampatti Coimbatore TamilNadu ,641048","Coimbatore","Tamil Nadu","India","641048","Social Media","approved","4/30/2026, 9:51:01 PM"
"Vidit sen ","senvidit4@gmail.com","9511510019","","Male","2006-08-17","UG / PG Student","Intermediate","No","","519/fgss sajjan nagar road mullatalai opp power house ","Udaipur","Rajasthan","India","313001","Other","approved","4/30/2026, 8:40:03 PM"
"Manushree Sahay","sahaymanushree@gmail.com","9557130046","","Female","2000-09-18","UG / PG Student","Intermediate","No","","Ashirwad house , near kuber shrushti sales office , Kuber Shrushti Society , Keshnand ,Wadegaon ,Pune","Pune","Maharashtra","India","412207","Social Media","approved","4/30/2026, 8:16:48 PM"
"Thangellapally jaswanth sai ","jaswanth24tech@gmail.com","7989265794","","Male","2006-03-24","UG / PG Student","Beginner","No","","4-40-180/3a, Pragathi Nagar road no3, asbestos colony last busstop , jagathgiri gutta , Kukatpally, Hyderabad - 500037
Pincode:500037","Hyderabad","Telangana","India","500037","Social Media","approved","4/30/2026, 8:13:33 PM"
"Shaunak Deshmukh","shaunak.microsoftac@gmail.com","9834143301","","Male","2004-09-30","Graduate / Working Professional","Beginner","No","","B-104 Alliance Nisarg Leela Society, Shankar Kalate Nagar, Shaikh Vasti, Wakad, Pune. 411057","Wakad","Maharashtra","India","411057","Social Media","approved","4/30/2026, 7:27:12 PM"
"Prabhjot Singh","prabhbadhan712@gmail.com","9041590977","","Male","2006-01-11","Cybersecurity / Digital Forensics Enthusiast","Beginner","No","","Vill khablan dist Hoshiarpur ","Hoshiarpur","Punjab","India","146104","Friends / Referral","approved","4/30/2026, 6:48:25 PM"
"Om Sapkal","sapkalom861@gmail.com","+919529114297","8007950912","Male","2005-10-25","Cybersecurity / Digital Forensics Enthusiast","Intermediate","No","","Bhagwan nagar galii bhumkar chowk wakad","Pimpri-Chinchwad","Maharashtra","India","411057","Website","approved","4/30/2026, 6:41:52 PM"
"Raj Kumar","rajkumar.redteamr@gmail.com","07009839679","","","","","","","","Sukhiabad, Hoshiarpur
Bharwain Road Hoshiarpur","Hoshiarpur","Punjab","","","","approved","4/30/2026, 5:42:53 PM"
"Chirag Singh","skchiragsingh@gmail.com","8287746942","","","","","","","","363/20 Gali Number 3,beri wala bagh road,shantinagar","Gurgaon","Haryana","","","","approved","4/30/2026, 5:23:06 PM"
"Indraneel Mukhopadhyay","imukhopadhyay@gmail.com","9433552806","","","","","","","","C 5/8 Labony Estate
Opposite Tank No. 1","Kolkata","West Bengal","","","","approved","4/30/2026, 5:21:38 PM"
"krish pathania","pathaniakrish9@gmail.com","8968840686","","","","","","","","VPO LAMIN , TEH DASUYA , DISTT HOSHIARPUR , PUNJAB 144205","Dasuya","Punjab","","","","approved","4/30/2026, 5:19:42 PM"
"Mehak ","pathaniamehak06@gmail.com","8360041743","","","","","","","","VPO. LAMIN, Dasiya, Hoshiarpur, Punjab, 144205","Dasuya","Punjab","","","","approved","4/30/2026, 5:03:50 PM"
"Kanodiya Rudra ","rudrak2225@gmail.com","7383319212","","","","","","","","4 pragati nagar society dharam cinema road BH Gayatri mandir ","Mahesana","Gujarat","","","","approved","4/30/2026, 4:53:22 PM"
"Nabh Gupta","Anjani.iiita@gmail.com","+917893258589","","","","","","","","Hyderabad","Hyderabad","Telangana","","","","approved","4/30/2026, 4:44:55 PM"
"MAHIMA GAUR","mahimagaur2029@gmail.com","7023331942","","","","","","","","MAHIMA GAUR, PAVAN GAUR, NEAR LUCKY JOURNAL STORE ANUVIHAR COLONY, PHULERA, JAIPUR, RAJASTHAN-303338","Jaipur","Rajasthan","","","","approved","4/30/2026, 4:07:56 PM"
"vikrant singh ","vikrant8282singh@gmail.com","7526898282","","","","","","","","sujawal kalan chund khurd birsinghpur Satna","Satna","Madhya Pradesh","","","","approved","4/30/2026, 2:57:16 PM"
"Prathmesh Sandesh Kante","prathamkante26@gmail.com","8208731306","","","","","","","","03,Audumber CHS LTD ,Ghorpade Chowk ,Katrap Badlapur East","Badlapur","Maharashtra","","","","approved","4/30/2026, 2:55:45 PM"
"Sahendra Singh","sahendrasingh489@gmail.com","7354207801","","","","","","","","Mp nagar Satna ","Satna","Madhya Pradesh","","","","approved","4/30/2026, 2:30:30 PM"
"Aadesh Malik","adeshbpt311@gmail.com","9557691639","","","","","","","","Near Co Office Shri Ram Dairy Baraut Baghpat Uttar Pradesh 250611","Baghpat","Uttar Pradesh","","","","approved","4/30/2026, 1:56:17 PM"
"Sameer joshi","joshisameer.dad@gmail.com","7702462234","","","","","","","","Veda school,vidyanagar,kosgi-509339","Narayanpet","Telangana","","","","approved","4/30/2026, 1:41:13 PM"
"Monisha J","jmonishajengal@gmail.com","7338944157","","","","","","","","No 17 Jayanthi Nagar nearby HOTEL SRM GRANDS","Chennai","Tamil Nadu","","","","approved","4/30/2026, 1:33:02 PM"
"BAPANAPALLI V S PAVITHRA","pavithrabvs2007@gmail.com","08309301366","","","","","","","","8-347,SAI NAGAR,RAJIV NAGAR,JEEVAKONA","Tirupati","Andhra Pradesh","","","","approved","4/30/2026, 1:05:36 PM"
"Parameshwaran J","parameshwaranjanakiraman@gmail.com","9787755610","","","","","","","","No.52,bajanai Kovil st, vembakkam, Tiruvannamalai, 604410.","Cheyyar","Tamil Nadu","","","","approved","4/30/2026, 12:40:33 PM"
"Aniket Nitin Wardikar","aniketnwardikar@gmail.com","8669066148","","","","","","","","Flat not G-11, Ganesh Darshan, Golande estate, infront of hotel Malashree, near Gawade petrol Pump, Gawade Nagar, link road, chinchwad, 411033","Pune","Maharashtra","","","","approved","4/30/2026, 12:24:44 PM"
"Swati","swatirani2005kuk@gmail.com","8683045476","","","","","","","","161/162 Block F1 Sultanpuri Delhi, 110086
near kesariya foods dda market sultanpuri delhi
North West Delhi 110086
Delhi, India","Nangloi Jat","Delhi","","","","approved","4/30/2026, 11:22:13 AM"
"Tuba Naaz Siddiqui","tubanaaz94@gmail.com","07411177362","","","","","","","","Siroya Sunshine Apartments
Flat A602 KHB Colony Main RD","Bangalore Urban","Karnataka","","","","approved","4/30/2026, 10:33:21 AM"
"Aditya Paikra","paikraaditya@gmail.com","7909441250","","","","","","","","Bungalow no.T-23, Westland, Ordnance Factory Khamaria, Jabalpur","Jabalpur","Madhya Pradesh","","","","approved","4/30/2026, 10:30:26 AM"
"sowjanya","sowjisw@gmail.com","9110387148","","","","","","","","Bangalore,vbr ladies pg, Marathalli 560037","Bangalore Rural","Karnataka","","","","approved","4/30/2026, 10:26:27 AM"
"Yanamadala Syam Nithin","syamnithin2003@gmail.com","95151620426","","","","","","","","Plot no 90, Road no 9, Vishnu Nagar Colony, RTC Colony, Haythnagar 501505","Hyderabad","Telangana","","","","approved","4/30/2026, 9:58:12 AM"
"Navaneeth Krishna O D ","navaneethkrishna010@gmail.com","8590372970","","","","","","","","Olakkapurakkal House PO kazhimbram, Thrissur, Kerala ","Thrissur","Kerala","","","","approved","4/30/2026, 9:53:13 AM"
"Dev shinde","devshinde717@gmail.com","7385893455","","","","","","","","Near hamraj chowk,shastri nagar,vanaz,kothrud,pune","Pune","Maharashtra","","","","approved","4/30/2026, 9:29:25 AM"
"Kavya Singh","singh.kavya0502@gmail.com","7303389917","","","","","","","","Hno. 917, Jawahar Colony, sector 22, Faridabad","Faridabad","Haryana","","","","approved","4/30/2026, 9:15:43 AM"
"Avadhoot Santosh Bhobaskar ","avadhootbhobaskar@gmail.com","7558541047","","","","","","","","Rampur gudhefhata, near chaitanya hotel , near ram mandir, Bhobaskar fulwale , chiplun, ratnagiri,415701","Chiplun","Maharashtra","","","","approved","4/30/2026, 9:10:39 AM"
"Munnangi Gnaneandra Reddy","gnaneandra9959@gmail.com","9959544876","","","","","","","","S/O Kishore Reddy, 6-102/33.4FA, sri sai rathna enclave, VTC: Gollapudi, PO: Gollapudi, District: Krishna, State: Andhra Pradesh, PIN Code: 521225","Vijayawada","Andhra Pradesh","","","","approved","4/30/2026, 7:57:44 AM"
"Aakash Goswami","ag.cyberops@gmail.com","9871031556","","","","","","","","A 301, Arihant Anaya CHS, Kharghar, Sector 35 G","Navi Mumbai","Maharashtra","","","","approved","4/30/2026, 7:34:35 AM"
"Hardik Sharma","hardiksharma13026q@gmail.com","08527793436","","","","","","","","H no 132, gali no 3, shiv colony, Opposite kiit college
Maruti Kunj","Gurgaon","Haryana","","","","approved","4/30/2026, 6:55:35 AM"
"Theban Perumal","thebanperumal@gmail.com","+60169301005","","","","","","","","B28 Lorong Enggang 10/2 Taman Desa Enggang 08000 Sungai Petani Kedah","Sungai Petani","Kedah","","","","approved","4/30/2026, 1:22:46 AM"
"Karan Singh","kds579576@gmail.com","9350467385","","","","","","","","Uttam Nagar Hansi","Hansi","Haryana","","","","approved","4/30/2026, 12:20:21 AM"
"Ram Gawande","gawanderam32@gmail.com","7350384610","","","","","","","","Plot No 69 Ahilya Nagari Waghapur Road lohara yavatmal
","Yavatmal","Maharashtra","","","","approved","4/30/2026, 12:18:10 AM"
"Aditya Agrawal","adiagrawaal@gmail.com","7985387580","","","","","","","","7/499, Sector 7, Jankipuram Extension, Lucknow","Lucknow","Uttar Pradesh","","","","approved","4/30/2026, 12:14:36 AM"
"Pravek Dixit","pravek222@gmail.com","98331 05693","","","","","","","","Sargasan","Gandhinagar","Gujarat","","","","approved","4/30/2026, 12:07:59 AM"
"Ishan Singh","rishivanshi.ishan@gmail.com","8052378261","","","","","","","","B-270, Rajajipuram Lucknow 
226017","Lucknow","Uttar Pradesh","","","","approved","4/30/2026, 12:01:18 AM"
"Anand Kumar Gupta ","mail2anandgupta189@gmail.com","9608813487","","","","","","","","HOUSE NO. 15/24, GALI NO. 16, 1st FLOOR, MANGOL PUR KALAN, ROOM NO. 8, DELHI-110085,

Rohini sector 2 pocket 4 New Delhi.","North West Delhi","Delhi","","","","approved","4/29/2026, 9:05:02 PM"
"Madhireddy Ashwini","ashwinireddyym@gmail.com","9652781252","","","","","","","","Kompally, Hyderabad","Hyderabad","Telangana","","","","approved","4/29/2026, 6:57:26 PM"
"SRI KRISHNA BIRADAR","srikrishnabiradar2k06@gmail.com","8074734028","","","","","","","","13-3-1007 Doar Basti, Jiyaguda","Hyderabad","Telangana","","","","approved","4/29/2026, 6:08:14 PM"
"Aleena K Mani ","aleenakmani777@gmail.com","9645145743","","","","","","","","Kottuppallil House Anakkara Po 8th mile , Idukki ","Idukki","Kerala","","","","approved","4/29/2026, 5:13:29 PM"
"PRAJAPATI TIRTH BHARATBHAI","tirthb369@gmail.com","9909977218","","","","","","","","129 / 1541 dhiraj housing haripura maninagar east Ahmedabad","Ahmedabad","Gujarat","","","","approved","4/29/2026, 4:33:32 PM"
"Jeet pal","jeetpal2007@gmail.com","93197 35265","","","","","","","","H-244 J.J colony wazirpur Ashok vihar delhi 110052","North West Delhi","Delhi","","","","approved","4/29/2026, 4:04:55 PM"
"Balasankar Aravindakshan","balasankkar.aravindakshan@gmail.com","09778468021","","","","","","","","SREELAKSHMI, KANNAMPILLY, KUMBALAM P O","Ernakulam","Kerala","","","","approved","4/29/2026, 2:56:14 PM"
"Anshi Chhajed","anshi.chhajed30@gmail.com","88396 79500","","","","","","","","425/10 Tilak Nagar, Indore ","Indore","Madhya Pradesh","","","","approved","4/29/2026, 1:36:39 PM"